_id,name,gender,looksCount,thumbnail
6a4e5d2a252a93f7982fd0d3,Chloe,FEMALE,4,image/character-stock/62da411e52e9977aeff20243/6a4e5cfb252a93f7982fd0aa.jpg
6a4e5339252a93f7982fc80f,Claire,FEMALE,10,image/character-stock/62da411e52e9977aeff20243/6a4e530b252a93f7982fc7e5.jpg
6a4e5f36252a93f7982fd29e,Noah,MALE,10,image/character-stock/62da411e52e9977aeff20243/6a4e5f0b252a93f7982fd275.jpg
6a4e53c0252a93f7982fc875,Priya,FEMALE,4,image/character-stock/62da411e52e9977aeff20243/6a4e538a252a93f7982fc84c.jpg
6a4e5da7252a93f7982fd139,Emma,FEMALE,10,image/character-stock/62da411e52e9977aeff20243/6a4e5d76252a93f7982fd110.jpg
6a4e9ebbe0fcd3964764b5a7,James,MALE,6,image/character-stock/62da411e52e9977aeff20243/6a4e9e5fe0fcd3964764b568.jpg
6a4e9f85e0fcd3964764b63e,Emily,FEMALE,6,image/character-stock/62da411e52e9977aeff20243/6a4e9f30e0fcd3964764b5ff.jpg
6a4e54b0252a93f7982fc941,Leila,FEMALE,4,image/character-stock/62da411e52e9977aeff20243/6a4e5483252a93f7982fc918.jpg
6a4e5b75252a93f7982fcf6e,Owen,MALE,4,image/character-stock/62da411e52e9977aeff20243/6a4e5b4c252a93f7982fcf45.jpg
6a4e5525252a93f7982fc9a7,Maya,FEMALE,10,image/character-stock/62da411e52e9977aeff20243/6a4e54fa252a93f7982fc97e.jpg
6a4e984be0fcd3964764b0db,Arjun,MALE,6,image/character-stock/62da411e52e9977aeff20243/6a4e9806e0fcd3964764b09c.jpg
6a4e555c252a93f7982fc9da,Daniel,MALE,4,image/character-stock/62da411e52e9977aeff20243/6a4e5531252a93f7982fc9b1.jpg
6a4e9892e0fcd3964764b126,Camila,FEMALE,6,image/character-stock/62da411e52e9977aeff20243/6a4e9855e0fcd3964764b0e7.jpg
6a4e559a252a93f7982fca0d,Hannah,FEMALE,4,image/character-stock/62da411e52e9977aeff20243/6a4e556a252a93f7982fc9e4.jpg
6a4e5dda252a93f7982fd16c,Ethan,MALE,4,image/character-stock/62da411e52e9977aeff20243/6a4e5db2252a93f7982fd143.jpg
6a4e55da252a93f7982fca40,Alejandro,MALE,4,image/character-stock/62da411e52e9977aeff20243/6a4e55ab252a93f7982fca17.jpg
6a4e99b6e0fcd3964764b1bc,Mina,FEMALE,6,image/character-stock/62da411e52e9977aeff20243/6a4e9931e0fcd3964764b17d.jpg
6a4e5615252a93f7982fca73,Anjali,FEMALE,4,image/character-stock/62da411e52e9977aeff20243/6a4e55e7252a93f7982fca4a.jpg
6a4e5e89252a93f7982fd205,Sophie,FEMALE,10,image/character-stock/62da411e52e9977aeff20243/6a4e5e5d252a93f7982fd1dc.jpg
6a4e56b1252a93f7982fcb0c,Hiroshi,MALE,4,image/character-stock/62da411e52e9977aeff20243/6a4e568a252a93f7982fcae3.jpg
6a4e5648252a93f7982fcaa6,Marcus,MALE,10,image/character-stock/62da411e52e9977aeff20243/6a4e5620252a93f7982fca7d.jpg
6a4e5766252a93f7982fcba5,Nicole,FEMALE,4,image/character-stock/62da411e52e9977aeff20243/6a4e573b252a93f7982fcb7c.jpg
6a4e579c252a93f7982fcbd8,Vincent,MALE,4,image/character-stock/62da411e52e9977aeff20243/6a4e5771252a93f7982fcbaf.jpg
6a4e57d2252a93f7982fcc0b,Rebecca,FEMALE,4,image/character-stock/62da411e52e9977aeff20243/6a4e57a8252a93f7982fcbe2.jpg
6a4e56f6252a93f7982fcb3f,Nadia,FEMALE,10,image/character-stock/62da411e52e9977aeff20243/6a4e56bd252a93f7982fcb16.jpg
6a4e5806252a93f7982fcc3e,Manuel,MALE,4,image/character-stock/62da411e52e9977aeff20243/6a4e57dd252a93f7982fcc15.jpg
6a4e572f252a93f7982fcb72,Jake,MALE,10,image/character-stock/62da411e52e9977aeff20243/6a4e5702252a93f7982fcb49.jpg
6a4e583a252a93f7982fcc71,Sunita,FEMALE,4,image/character-stock/62da411e52e9977aeff20243/6a4e5810252a93f7982fcc48.jpg
6a4e586d252a93f7982fcca4,Andre,MALE,4,image/character-stock/62da411e52e9977aeff20243/6a4e5844252a93f7982fcc7b.jpg
6a4e9b20e0fcd3964764b2ed,Sofia,FEMALE,6,image/character-stock/62da411e52e9977aeff20243/6a4e9ae1e0fcd3964764b2ae.jpg
6a4e589c252a93f7982fccd7,Yasmin,FEMALE,4,image/character-stock/62da411e52e9977aeff20243/6a4e5878252a93f7982fccae.jpg
6a4e5c67252a93f7982fd03a,Javier,MALE,10,image/character-stock/62da411e52e9977aeff20243/6a4e5c32252a93f7982fd011.jpg
6a4e5908252a93f7982fcd3d,Simone,FEMALE,4,image/character-stock/62da411e52e9977aeff20243/6a4e58da252a93f7982fcd14.jpg
6a4e5936252a93f7982fcd70,Ryan,MALE,4,image/character-stock/62da411e52e9977aeff20243/6a4e5913252a93f7982fcd47.jpg
6a4e599a252a93f7982fcdd6,Antonio,MALE,4,image/character-stock/62da411e52e9977aeff20243/6a4e5976252a93f7982fcdad.jpg
6a4e9b66e0fcd3964764b33d,Angela,FEMALE,6,image/character-stock/62da411e52e9977aeff20243/6a4e9b2be0fcd3964764b2fe.jpg
6a4e59cd252a93f7982fce09,Divya,FEMALE,4,image/character-stock/62da411e52e9977aeff20243/6a4e59a5252a93f7982fcde0.jpg
6a4e5a56252a93f7982fce6f,Farah,FEMALE,4,image/character-stock/62da411e52e9977aeff20243/6a4e5a27252a93f7982fce46.jpg
6a4e5a92252a93f7982fcea2,Terrence,MALE,4,image/character-stock/62da411e52e9977aeff20243/6a4e5a63252a93f7982fce79.jpg
6a4e5ac6252a93f7982fced5,Denise,FEMALE,4,image/character-stock/62da411e52e9977aeff20243/6a4e5a9d252a93f7982fceac.jpg
6a4e5b05252a93f7982fcf08,Sung,MALE,4,image/character-stock/62da411e52e9977aeff20243/6a4e5ad5252a93f7982fcedf.jpg
6a4e9f21e0fcd3964764b5f3,Ben,MALE,6,image/character-stock/62da411e52e9977aeff20243/6a4e9ec9e0fcd3964764b5b4.jpg
6a4e596b252a93f7982fcda3,Susan,FEMALE,10,image/character-stock/62da411e52e9977aeff20243/6a4e5943252a93f7982fcd7a.jpg
6a4e54ee252a93f7982fc974,Gary,MALE,4,image/character-stock/62da411e52e9977aeff20243/6a4e54bd252a93f7982fc94b.jpg
6a4e5ba7252a93f7982fcfa1,Meera,FEMALE,4,image/character-stock/62da411e52e9977aeff20243/6a4e5b80252a93f7982fcf78.jpg
6a4e5bde252a93f7982fcfd4,Ramon,MALE,4,image/character-stock/62da411e52e9977aeff20243/6a4e5bb2252a93f7982fcfab.jpg
6a4e5c24252a93f7982fd007,Shirin,FEMALE,4,image/character-stock/62da411e52e9977aeff20243/6a4e5bed252a93f7982fcfde.jpg
6a4e5caa252a93f7982fd06d,Eleanor,FEMALE,4,image/character-stock/62da411e52e9977aeff20243/6a4e5c7d252a93f7982fd044.jpg
6a4e5cef252a93f7982fd0a0,Isaiah,MALE,4,image/character-stock/62da411e52e9977aeff20243/6a4e5cb7252a93f7982fd077.jpg
6a4e52fd252a93f7982fc7db,Marco,MALE,4,image/character-stock/62da411e52e9977aeff20243/6a4e52cd252a93f7982fc7b2.jpg
6a4e5d67252a93f7982fd106,Haruki,MALE,4,image/character-stock/62da411e52e9977aeff20243/6a4e5d38252a93f7982fd0dd.jpg
6a4e58ce252a93f7982fcd0a,Wei,MALE,4,image/character-stock/62da411e52e9977aeff20243/6a4e58a6252a93f7982fcce1.jpg
6a4e991fe0fcd3964764b171,Khalid,MALE,6,image/character-stock/62da411e52e9977aeff20243/6a4e989ce0fcd3964764b132.jpg
6a4e5e15252a93f7982fd19f,Grace,FEMALE,4,image/character-stock/62da411e52e9977aeff20243/6a4e5de9252a93f7982fd176.jpg
6a4e5e52252a93f7982fd1d2,Paolo,MALE,4,image/character-stock/62da411e52e9977aeff20243/6a4e5e22252a93f7982fd1a9.jpg
6a4e5ec6252a93f7982fd238,Carlos,MALE,4,image/character-stock/62da411e52e9977aeff20243/6a4e5e97252a93f7982fd20f.jpg
6a4e9c94e0fcd3964764b42f,Fatima,FEMALE,6,image/character-stock/62da411e52e9977aeff20243/6a4e9c4ae0fcd3964764b3f0.jpg
6a4e5eff252a93f7982fd26b,Ava,FEMALE,4,image/character-stock/62da411e52e9977aeff20243/6a4e5ed3252a93f7982fd242.jpg
6a4e5404252a93f7982fc8a8,Samuel,MALE,4,image/character-stock/62da411e52e9977aeff20243/6a4e53d1252a93f7982fc87f.jpg
6a4e9d61e0fcd3964764b4c7,Elliot,MALE,6,image/character-stock/62da411e52e9977aeff20243/6a4e9d10e0fcd3964764b488.jpg
6a4e537d252a93f7982fc842,Ricardo,MALE,4,image/character-stock/62da411e52e9977aeff20243/6a4e5349252a93f7982fc819.jpg
6a4e5680252a93f7982fcad9,Yvonne,FEMALE,4,image/character-stock/62da411e52e9977aeff20243/6a4e5654252a93f7982fcab0.jpg
6a4e5441252a93f7982fc8db,Gloria,FEMALE,4,image/character-stock/62da411e52e9977aeff20243/6a4e5412252a93f7982fc8b2.jpg
6a4e5b42252a93f7982fcf3b,Margaret,FEMALE,4,image/character-stock/62da411e52e9977aeff20243/6a4e5b10252a93f7982fcf12.jpg
6a4e5479252a93f7982fc90e,Kenji,MALE,4,image/character-stock/62da411e52e9977aeff20243/6a4e544d252a93f7982fc8e5.jpg
6a4e9fd6e0fcd3964764b689,Robert,MALE,6,image/character-stock/62da411e52e9977aeff20243/6a4e9f91e0fcd3964764b64a.jpg
6a4ea022e0fcd3964764b6d4,Laura,FEMALE,6,image/character-stock/62da411e52e9977aeff20243/6a4e9fe1e0fcd3964764b695.jpg
6a4ea06ee0fcd3964764b71f,Michael,MALE,6,image/character-stock/62da411e52e9977aeff20243/6a4ea02ce0fcd3964764b6e0.jpg
6a4ea0bae0fcd3964764b76a,Tyler,MALE,6,image/character-stock/62da411e52e9977aeff20243/6a4ea07ae0fcd3964764b72b.jpg